{
	"class_name" : "PinholeCameraParameters",
	"extrinsic" : 
	[
		0.96377417586645642,
		-0.00430255234781387,
		-0.26668488141667701,
		0.0,
		0.0045518952785924185,
		-0.99945893289537246,
		0.032574863085152381,
		0.0,
		-0.26668074205368764,
		-0.032608733476447938,
		-0.96323312459588761,
		0.0,
		13113.838658955961,
		18334.282473152191,
		49143.046918021711,
		1.0
	],
	"intrinsic" : 
	{
		"height" : 1080,
		"intrinsic_matrix" : 
		[
			935.30743608719376,
			0.0,
			0.0,
			0.0,
			935.30743608719376,
			0.0,
			959.5,
			539.5,
			1.0
		],
		"width" : 1920
	},
	"version_major" : 1,
	"version_minor" : 0
}